166,19018,this,DT,discover,NNP,north,NNP
272,19018,this,DT,bear,JJ,project,NN
313,19018,this,DT,of,IN,work,NN
490,19018,this,DT,.,.,is,VBZ
617,19018,this,DT,of,IN,work,NN
731,19018,this,DT,of,IN,undertaking,NN
791,19018,this,DT,of,IN,project,NN
835,19018,this,DT,and,CC,impressionism,NN
894,19018,this,DT,],:,work,NN
1064,19018,this,DT,;,:,is,VBZ
1486,19018,this,DT,as,IN,element,NN
1531,19018,this,DT,to,TO,initially,RB
1844,19018,this,DT,],:,research,NN
1959,19018,this,DT,of,IN,project,NN
2093,19018,this,DT,of,IN,work,NN
2204,19018,this,DT,how,WRB,work,NN
2362,19018,this,DT,in,IN,undertaking,NN
2541,19018,this,DT,yet,CC,amazement,NN
2609,19018,this,DT,for,IN,reason,NN
2680,19018,this,DT,to,TO,definition,NN
2908,19018,this,DT,—,:,at,IN
2937,19018,this,DT,to,TO,world,NN
2984,19018,this,DT,.,.,is,VBZ
3174,19018,this,DT,of,IN,basic,JJ
3261,19018,this,DT,locate,VBP,origin,NN
3355,19018,this,DT,study,VBP,age,NN
3520,19018,this,DT,",",",",acceding,NN
3578,19018,this,DT,(,:,point,NN
3814,19018,this,DT,.,.,is,VBZ
3925,19018,this,DT,how,WRB,work,NN
4031,19018,this,DT,—,:,would,MD
4215,19018,this,DT,on,IN,mechanism,NN
4409,19018,this,DT,in,NNP,case,NN
4421,19018,this,DT,in,IN,same,JJ
4540,19018,this,DT,just,RB,particular,JJ
4550,19018,this,DT,at,IN,moment,NN
4653,19018,this,DT,.,.,one,CD
4820,19018,this,DT,.,.,notion,NN
4864,19018,this,DT,along,IN,way,NN
4987,19018,this,DT,if,IN,is,VBZ
5011,19018,this,DT,that,IN,should,MD
5276,19018,this,DT,after,IN,work,NN
5290,19018,this,DT,if,IN,is,VBZ
5473,19018,this,DT,by,IN,minute,NN
5505,19018,this,DT,.,.,sap,NN
6099,19018,this,DT,of,IN,thing,NN
6266,19018,this,DT,—,:,time,NN
6282,19018,this,DT,follow,NN,course,NN
6588,19018,this,DT,in,IN,way,NN
7092,19018,this,DT,all,DT,semblance,NN
7155,19018,this,DT,",",",",is,VBZ
7208,19018,this,DT,to,TO,",",","
7317,19018,this,DT,is,VBZ,:,:
7942,19018,this,DT,in,IN,retrospective,JJ
8603,19018,this,DT,.,.,holds,NNS
8632,19018,this,DT,to,TO,line,NN
8800,19018,this,DT,of,IN,original,JJ
8819,19018,this,DT,translates,VBZ,image,NN
8894,19018,this,DT,.,.,image,NN
9045,19018,this,DT,.,.,nihilism,NN
9101,19018,this,DT,taken,VBN,subjective,JJ
9143,19018,this,DT,in,NNP,regard,NN
9677,19018,this,DT,of,IN,semblance,NN
9804,19018,this,DT,in,IN,connection,NN
9943,19018,this,DT,but,CC,life,NN
10183,19018,this,DT,from,IN,it,PRP
10576,19018,this,DT,.,.,structure,NN
10639,19018,this,DT,to,TO,monadological,JJ
10818,19018,this,DT,from,IN,continuous,JJ
10935,19018,this,DT,is,VBZ,constellation,NN
10950,19018,this,DT,in,NNP,constellation,NN
11214,19018,this,DT,in,IN,text,NN
11550,19018,this,DT,in,IN,process,NN
11722,19018,this,DT,in,IN,slow,JJ
11904,19018,this,DT,32,CD,limit,NN
11967,19018,this,DT,velop,NN,concept,NN
12450,19018,this,DT,to,TO,clay,NN
12472,19018,this,DT,of,IN,historical,JJ
12716,19018,this,DT,.,.,latter,NN
13151,19018,this,DT,'','',lack,NN
13209,19018,this,DT,(,:,is,VBZ
13223,19018,this,DT,.,.,happiness,NN
13371,19018,this,DT,upon,IN,plane,NN
13488,19018,this,DT,.,.,can,MD
13536,19018,this,DT,is,VBZ,conviction,NN
13560,19018,this,DT,calls,VBZ,the,DT
14286,19018,this,DT,be,VB,if,IN
14359,19018,this,DT,of,IN,growth,NN
14713,19018,this,DT,and,CC,is,VBZ
14739,19018,this,DT,provides,VBZ,kind,NN
15259,19018,this,DT,in,IN,way,NN
15325,19018,this,DT,in,IN,way,NN
15563,19018,this,DT,51,CD,vulgar,NN
15938,19018,this,DT,for,IN,society,NN
16100,19018,this,DT,in,IN,sense,NN
16743,19018,this,DT,from,IN,specific,JJ
16774,19018,this,DT,from,IN,.,.
16905,19018,this,DT,.,.,most,RBS
17004,19018,this,DT,of,IN,school,NN
17674,19018,this,DT,divulge,NN,information,NN
17852,19018,this,DT,of,IN,semblance,NN
18194,19018,this,DT,him,PRP,ocean,JJ
18274,19018,this,DT,with,IN,surfeit,NN
18499,19018,this,DT,powerful,JJ,activity,NN
18905,19018,this,DT,','',term,NN
