188,10493,this,DT,",",",",appears,VBZ
357,10493,this,DT,on,IN,ground,NN
361,10493,this,DT,now,RB,relation,NN
571,10493,this,DT,of,IN,process,NN
713,10493,this,DT,in,IN,respect,NN
989,10493,this,DT,preserve,VBP,unconscious,JJ
1157,10493,this,DT,during,IN,time,NN
1171,10493,this,DT,be,VB,way,NN
1177,10493,this,DT,produce,VB,generation,NN
1316,10493,this,DT,find,VB,in,IN
1524,10493,this,DT,with,IN,raw,NN
1599,10493,this,DT,acterize,VBP,collective,JJ
1721,10493,this,DT,decipher,VB,signal,NN
1749,10493,this,DT,in,IN,.,.
1901,10493,this,DT,survey,VBP,whole,JJ
2125,10493,this,DT,and,CC,situation,NN
2146,10493,this,DT,feels,VBZ,object,NN
2175,10493,this,DT,way,NN,now-being,JJ
2214,10493,this,DT,â€”,:,question,NN
2315,10493,this,DT,and,CC,dialectical,JJ
2365,10493,this,DT,in,IN,way,NN
2466,10493,this,DT,beyond,IN,.,.
2694,10493,this,DT,.,.,birth,NN
2787,10493,this,DT,in,NNP,work,NN
2916,10493,this,DT,about,IN,magnetopathic,JJ
3052,10493,this,DT,.,.,downstream,NN
3563,10493,this,DT,in,NNP,country,NN
3956,10493,this,DT,in,IN,field,NN
4070,10493,this,DT,of,IN,obsessive,JJ
4408,10493,this,DT,.,.,will,MD
4714,10493,this,DT,to,TO,task,NN
4737,10493,this,DT,recognized,VBN,will,MD
4945,10493,this,DT,",",",",brings,VBZ
5097,10493,this,DT,beneath,NN,poised,VBN
5322,10493,this,DT,that,WDT,unconscious,JJ
5335,10493,this,DT,",",",",humus,NN
5362,10493,this,DT,.,.,enormous,JJ
5736,10493,this,DT,in,IN,gigantic,JJ
6189,10493,this,DT,in,IN,clearing,NN
6400,10493,this,DT,load,VB,arm,NN
6555,10493,this,DT,for,IN,proposal,NN
7179,10493,this,DT,in,NNP,sense,NN
7720,10493,this,DT,after,IN,",",","
8069,10493,this,DT,of,IN,rash,NN
8434,10493,this,DT,",",",",exhihition,NN
8875,10493,this,DT,that,IN,view,NN
9126,10493,this,DT,'','',definition,NN
9331,10493,this,DT,than,IN,sort,NN
9420,10493,this,DT,over,IN,residue,NN
9561,10493,this,DT,like,IN,",",","
10471,10493,this,DT,of,IN,city,NN
